{'generated_at': '2024-11-16T10:28:58+00:00',
  'summaries':
  [{'sport_event':
  {'id': 'sr:sport_event:52161571', 'start_time': '2024-10-26T20:25:00+00:00', 'start_time_confirmed': True,
    'sport_event_context':
    {'sport': {'id': 'sr:sport:117', 'name': 'MMA'}, 'category':
    {'id': 'sr:category:1089', 'name': 'UFC'}, 'competition':
    {'id': 'sr:competition:44157', 'name': 'UFC 308: Topuria vs. Holloway'}, 'season':
    {'id': 'sr:season:123813', 'name': 'UFC 308: Topuria vs. Holloway 2024', 'start_date': '2024-10-26',
      'end_date': '2024-10-27', 'year': '2024', 'competition_id': 'sr:competition:44157'}, 'stage':
    {'type': 'Main Card'}}, 'coverage':
  {'type': 'sport_event', 'sport_event_properties': {'live': True, 'data_complete': True}}, 'competitors':
  [{'id': 'sr:competitor:750503', 'name': 'Topuria, Ilia', 'abbreviation': 'TOP', 'qualifier': 'home', 'gender': 'male'},
    {'id': 'sr:competitor:237652', 'name': 'Holloway, Max', 'abbreviation': 'HOL', 'qualifier': 'away', 'gender': 'male'}],
    'venue': {'id': 'sr:venue:65779', 'name': 'Etihad Arena', 'capacity': 18000, 'city_name': 'Abu Dhabi', 'country_name': 'United Arab Emirates',
      'map_coordinates': '24.4603, 54.604', 'country_code': 'ARE', 'timezone': 'Asia/Dubai'},
    'channels': [{'name': 'TNT Sports 2 - Eurobird 1 / Astra 2A/2B/2D (28.2E)',
      'url': 'https://player.ee.co.uk/#/livetv/schedule?filter=Sport', 'country': 'Great Britain',
      'country_code': 'GBR'}, {'name': 'PPV', 'url': 'http://www.espn.com/mma/fightcenter'}]},
    'sport_event_status': {'status': 'closed', 'match_status': 'ended', 'winner_id': 'sr:competitor:750503', 'final_round': 3,
      'final_round_length': '1:34', 'method': 'ko_tko', 'winner': 'home_team', 'scheduled_length': 5,
      'weight_class': 'featherweight(136-145)', 'title_fight': True, 'main_event': True}, 'statistics':
    {'totals': {'competitors': [{'id': 'sr:competitor:237652', 'name': 'Holloway, Max', 'abbreviation': 'HOL', 'qualifier': 'away',
      'statistics': {'control': '0:00', 'knockdowns': 0, 'significant_strike_percentage': 38.73, 'significant_strikes': 79,
        'significant_strikes_attempted': 204, 'submission_attempts': 0, 'takedown_percentage': 0, 'takedowns': 0,
        'takedowns_attempted': 0, 'total_strike_percentage': 40.19, 'total_strikes': 84, 'total_strikes_attempted': 209}},
      {'id': 'sr:competitor:750503', 'name': 'Topuria, Ilia', 'abbreviation': 'TOP', 'qualifier': 'home', 'statistics':
      {'control': '00:45', 'knockdowns': 1, 'significant_strike_percentage': 52.08, 'significant_strikes': 75,
        'significant_strikes_attempted': 144, 'submission_attempts': 0, 'takedown_percentage': 100, 'takedowns': 2,
        'takedowns_attempted': 2, 'total_strike_percentage': 53.06, 'total_strikes': 78, 'total_strikes_attempted': 147}}]},
      'periods': [{'number': 1, 'competitors': [{'id': 'sr:competitor:237652', 'name': 'Holloway, Max', 'abbreviation': 'HOL',
        'qualifier': 'away', 'statistics': {'control': '0:00', 'knockdowns': 0, 'significant_strike_percentage': 40, 'significant_strikes': 30, 'significant_strikes_attempted': 75, 'submission_attempts': 0, 'takedown_percentage': 0, 'takedowns': 0, 'takedowns_attempted': 0, 'total_strike_percentage': 43.75, 'total_strikes': 35, 'total_strikes_attempted': 80}}, {'id': 'sr:competitor:750503', 'name': 'Topuria, Ilia', 'abbreviation': 'TOP', 'qualifier': 'home', 'statistics': {'control': '00:41', 'knockdowns': 0, 'significant_strike_percentage': 46.81, 'significant_strikes': 22, 'significant_strikes_attempted': 47, 'submission_attempts': 0, 'takedown_percentage': 100, 'takedowns': 2, 'takedowns_attempted': 2, 'total_strike_percentage': 48.98, 'total_strikes': 24, 'total_strikes_attempted': 49}}]}, {'number': 2, 'competitors': [{'id': 'sr:competitor:237652', 'name': 'Holloway, Max', 'abbreviation': 'HOL', 'qualifier': 'away', 'statistics': {'control': '0:00', 'knockdowns': 0, 'significant_strike_percentage': 34.31, 'significant_strikes': 35, 'significant_strikes_attempted': 102, 'submission_attempts': 0, 'takedown_percentage': 0, 'takedowns': 0, 'takedowns_attempted': 0, 'total_strike_percentage': 34.31, 'total_strikes': 35, 'total_strikes_attempted': 102}}, {'id': 'sr:competitor:750503', 'name': 'Topuria, Ilia', 'abbreviation': 'TOP', 'qualifier': 'home', 'statistics': {'control': '0:00', 'knockdowns': 0, 'significant_strike_percentage': 51.61, 'significant_strikes': 32, 'significant_strikes_attempted': 62, 'submission_attempts': 0, 'takedown_percentage': 0, 'takedowns': 0, 'takedowns_attempted': 0, 'total_strike_percentage': 51.61, 'total_strikes': 32, 'total_strikes_attempted': 62}}]}, {'number': 3, 'competitors': [{'id': 'sr:competitor:237652', 'name': 'Holloway, Max', 'abbreviation': 'HOL', 'qualifier': 'away', 'statistics': {'control': '0:00', 'knockdowns': 0, 'significant_strike_percentage': 51.85, 'significant_strikes': 14, 'significant_strikes_attempted': 27, 'submission_attempts': 0, 'takedown_percentage': 0, 'takedowns': 0, 'takedowns_attempted': 0, 'total_strike_percentage': 51.85, 'total_strikes': 14, 'total_strikes_attempted': 27}}, {'id': 'sr:competitor:750503', 'name': 'Topuria, Ilia', 'abbreviation': 'TOP', 'qualifier': 'home', 'statistics': {'control': '00:04', 'knockdowns': 1, 'significant_strike_percentage': 60, 'significant_strikes': 21, 'significant_strikes_attempted': 35, 'submission_attempts': 0, 'takedown_percentage': 0, 'takedowns': 0, 'takedowns_attempted': 0, 'total_strike_percentage': 61.11, 'total_strikes': 22, 'total_strikes_attempted': 36}}]}]}}, {'sport_event': {'id': 'sr:sport_event:47079775', 'start_time': '2024-04-14T03:25:00+00:00', 'start_time_confirmed': True, 'sport_event_context': {'sport': {'id': 'sr:sport:117', 'name': 'MMA'}, 'category': {'id': 'sr:category:1089', 'name': 'UFC'}, 'competition': {'id': 'sr:competition:42041', 'name': 'UFC 300: Pereira vs. Hill'}, 'season': {'id': 'sr:season:114553', 'name': 'UFC 300: Pereira vs.Hill 2024', 'start_date': '2024-04-13', 'end_date': '2024-04-14', 'year': '2024', 'competition_id': 'sr:competition:42041'}, 'stage': {'type': 'Main Card'}}, 'coverage': {'type': 'sport_event', 'sport_event_properties': {'live': True, 'data_complete': True}}, 'competitors': [{'id': 'sr:competitor:351762', 'name': 'Gaethje, Justin', 'abbreviation': 'GAE', 'qualifier': 'home', 'gender': 'male'}, {'id': 'sr:competitor:237652', 'name': 'Holloway, Max', 'abbreviation': 'HOL', 'qualifier': 'away', 'gender': 'male'}], 'venue': {'id': 'sr:venue:20621', 'name': 'T-Mobile Arena', 'capacity': 18000, 'city_name': 'Paradise', 'country_name': 'USA', 'map_coordinates': '36.102778, -115.178333', 'country_code': 'USA', 'timezone': 'America/Los_Angeles', 'state': 'NV'}, 'channels': [{'name': 'PPV', 'url': 'http://www.espn.com/mma/fightcenter'}]}, 'sport_event_status': {'status': 'closed', 'match_status': 'ended', 'winner_id': 'sr:competitor:237652', 'final_round': 5, 'final_round_length': '4:59', 'method': 'ko_tko', 'winner': 'away_team', 'scheduled_length': 5, 'weight_class': 'lightweight(146-155)', 'title_fight': False, 'main_event': False}, 'statistics': {'totals': {'competitors': [{'id': 'sr:competitor:237652', 'name': 'Holloway, Max', 'abbreviation': 'HOL', 'qualifier': 'away', 'statistics': {'control': '0:00', 'knockdowns': 1, 'significant_strike_percentage': 58.58, 'significant_strikes': 181, 'significant_strikes_attempted': 309, 'submission_attempts': 0, 'takedown_percentage': 0, 'takedowns': 0, 'takedowns_attempted': 0, 'total_strike_percentage': 58.58, 'total_strikes': 181, 'total_strikes_attempted': 309}}, {'id': 'sr:competitor:351762', 'name': 'Gaethje, Justin', 'abbreviation': 'GAE', 'qualifier': 'home', 'statistics': {'control': '0:00', 'knockdowns': 0, 'significant_strike_percentage': 51.76, 'significant_strikes': 103, 'significant_strikes_attempted': 199, 'submission_attempts': 0, 'takedown_percentage': 0, 'takedowns': 0, 'takedowns_attempted': 0, 'total_strike_percentage': 51.76, 'total_strikes': 103, 'total_strikes_attempted': 199}}]}, 'periods': [{'number': 1, 'competitors': [{'id': 'sr:competitor:237652', 'name': 'Holloway, Max', 'abbreviation': 'HOL', 'qualifier': 'away', 'statistics': {'control': '0:00', 'knockdowns': 0, 'significant_strike_percentage': 64.1, 'significant_strikes': 25, 'significant_strikes_attempted': 39, 'submission_attempts': 0, 'takedown_percentage': 0, 'takedowns': 0, 'takedowns_attempted': 0, 'total_strike_percentage': 64.1, 'total_strikes': 25, 'total_strikes_attempted': 39}}, {'id': 'sr:competitor:351762', 'name': 'Gaethje, Justin', 'abbreviation': 'GAE', 'qualifier': 'home', 'statistics': {'control': '0:00', 'knockdowns': 0, 'significant_strike_percentage': 46.15, 'significant_strikes': 12, 'significant_strikes_attempted': 26, 'submission_attempts': 0, 'takedown_percentage': 0, 'takedowns': 0, 'takedowns_attempted': 0, 'total_strike_percentage': 46.15, 'total_strikes': 12, 'total_strikes_attempted': 26}}]}, {'number': 2, 'competitors': [{'id': 'sr:competitor:237652', 'name': 'Holloway, Max', 'abbreviation': 'HOL', 'qualifier': 'away', 'statistics': {'control': '0:00', 'knockdowns': 0, 'significant_strike_percentage': 56.6, 'significant_strikes': 30, 'significant_strikes_attempted': 53, 'submission_attempts': 0, 'takedown_percentage': 0, 'takedowns': 0, 'takedowns_attempted': 0, 'total_strike_percentage': 56.6, 'total_strikes': 30, 'total_strikes_attempted': 53}}, {'id': 'sr:competitor:351762', 'name': 'Gaethje, Justin', 'abbreviation': 'GAE', 'qualifier': 'home', 'statistics': {'control': '0:00', 'knockdowns': 0, 'significant_strike_percentage': 69.23, 'significant_strikes': 18, 'significant_strikes_attempted': 26, 'submission_attempts': 0, 'takedown_percentage': 0, 'takedowns': 0, 'takedowns_attempted': 0, 'total_strike_percentage': 69.23, 'total_strikes': 18, 'total_strikes_attempted': 26}}]}, {'number': 3, 'competitors': [{'id': 'sr:competitor:237652', 'name': 'Holloway, Max', 'abbreviation': 'HOL', 'qualifier': 'away', 'statistics': {'control': '0:00', 'knockdowns': 0, 'significant_strike_percentage': 54.72, 'significant_strikes': 29, 'significant_strikes_attempted': 53, 'submission_attempts': 0, 'takedown_percentage': 0, 'takedowns': 0, 'takedowns_attempted': 0, 'total_strike_percentage': 54.72, 'total_strikes': 29, 'total_strikes_attempted': 53}}, {'id': 'sr:competitor:351762', 'name': 'Gaethje, Justin', 'abbreviation': 'GAE', 'qualifier': 'home', 'statistics': {'control': '0:00', 'knockdowns': 0, 'significant_strike_percentage': 52.63, 'significant_strikes': 20, 'significant_strikes_attempted': 38, 'submission_attempts': 0, 'takedown_percentage': 0, 'takedowns': 0, 'takedowns_attempted': 0, 'total_strike_percentage': 52.63, 'total_strikes': 20, 'total_strikes_attempted': 38}}]}, {'number': 4, 'competitors': [{'id': 'sr:competitor:237652', 'name': 'Holloway, Max', 'abbreviation': 'HOL', 'qualifier': 'away', 'statistics': {'control': '0:00', 'knockdowns': 0, 'significant_strike_percentage': 57.38, 'significant_strikes': 35, 'significant_strikes_attempted': 61, 'submission_attempts': 0, 'takedown_percentage': 0, 'takedowns': 0, 'takedowns_attempted': 0, 'total_strike_percentage': 57.38, 'total_strikes': 35, 'total_strikes_attempted': 61}}, {'id': 'sr:competitor:351762', 'name': 'Gaethje, Justin', 'abbreviation': 'GAE', 'qualifier': 'home', 'statistics': {'control': '0:00', 'knockdowns': 0, 'significant_strike_percentage': 58.33, 'significant_strikes': 35, 'significant_strikes_attempted': 60, 'submission_attempts': 0, 'takedown_percentage': 0, 'takedowns': 0, 'takedowns_attempted': 0, 'total_strike_percentage': 58.33, 'total_strikes': 35, 'total_strikes_attempted': 60}}]}, {'number': 5, 'competitors': [{'id': 'sr:competitor:237652', 'name': 'Holloway, Max', 'abbreviation': 'HOL', 'qualifier': 'away', 'statistics': {'control': '0:00', 'knockdowns': 1, 'significant_strike_percentage': 60.19, 'significant_strikes': 62, 'significant_strikes_attempted': 103, 'submission_attempts': 0, 'takedown_percentage': 0, 'takedowns': 0, 'takedowns_attempted': 0, 'total_strike_percentage': 60.19, 'total_strikes': 62, 'total_strikes_attempted': 103}}, {'id': 'sr:competitor:351762', 'name': 'Gaethje, Justin', 'abbreviation': 'GAE', 'qualifier': 'home', 'statistics': {'control': '0:00', 'knockdowns': 0, 'significant_strike_percentage': 36.73, 'significant_strikes': 18, 'significant_strikes_attempted': 49, 'submission_attempts': 0, 'takedown_percentage': 0, 'takedowns': 0, 'takedowns_attempted': 0, 'total_strike_percentage': 36.73, 'total_strikes': 18, 'total_strikes_attempted': 49}}]}]}}, {'sport_event': {'id': 'sr:sport_event:41804107', 'start_time': '2023-08-26T14:55:00+00:00', 'start_time_confirmed': True, 'sport_event_context': {'sport': {'id': 'sr:sport:117', 'name': 'MMA'}, 'category': {'id': 'sr:category:1089', 'name': 'UFC'}, 'competition': {'id': 'sr:competition:40189', 'name': 'UFC Fight Night: Holloway vs. The Korean Zombie'}, 'season': {'id': 'sr:season:106737', 'name': 'UFC Fight Night: Holloway vs. The Korean Zombie 2023', 'start_date': '2023-08-26', 'end_date': '2023-08-27', 'year': '2023', 'competition_id': 'sr:competition:40189'}, 'stage': {'type': 'Main Card'}}, 'coverage': {'type': 'sport_event', 'sport_event_properties': {'live': True}}, 'competitors': [{'id': 'sr:competitor:237652', 'name': 'Holloway, Max', 'abbreviation': 'HOL', 'qualifier': 'home', 'gender': 'male'}, {'id': 'sr:competitor:312937', 'name': 'Jung, Chan Sung', 'abbreviation': 'JUN', 'qualifier': 'away', 'gender': 'male'}], 'venue': {'id': 'sr:venue:32812', 'name': 'Singapore Indoor Stadium', 'capacity': 12000, 'city_name': 'Kallang', 'country_name': 'Singapore', 'map_coordinates': '1.300694,103.874222', 'country_code': 'SGP'}}, 'sport_event_status': {'status': 'closed', 'match_status': 'ended', 'winner_id': 'sr:competitor:237652', 'final_round': 3, 'final_round_length': '0:23', 'method': 'ko_tko', 'winner': 'home_team', 'scheduled_length': 5, 'weight_class': 'featherweight(136-145)', 'title_fight': False, 'main_event': True}, 'statistics': {'totals': {'competitors': [{'id': 'sr:competitor:237652', 'name': 'Holloway, Max', 'abbreviation': 'HOL', 'qualifier': 'home', 'statistics': {'control': '00:57', 'knockdowns': 2, 'significant_strike_percentage': 58.59, 'significant_strikes': 75, 'significant_strikes_attempted': 128, 'submission_attempts': 1, 'takedown_percentage': 0, 'takedowns': 0, 'takedowns_attempted': 0, 'total_strike_percentage': 58.59, 'total_strikes': 75, 'total_strikes_attempted': 128}}, {'id': 'sr:competitor:312937', 'name': 'Jung, Chan Sung', 'abbreviation': 'JUN', 'qualifier': 'away', 'statistics': {'control': '00:15', 'knockdowns': 0, 'significant_strike_percentage': 27.42, 'significant_strikes': 34, 'significant_strikes_attempted': 124, 'submission_attempts': 0, 'takedown_percentage': 0, 'takedowns': 0, 'takedowns_attempted': 1, 'total_strike_percentage': 27.78, 'total_strikes': 35, 'total_strikes_attempted': 126}}]}, 'periods': [{'number': 1, 'competitors': [{'id': 'sr:competitor:237652', 'name': 'Holloway, Max', 'abbreviation': 'HOL', 'qualifier': 'home', 'statistics': {'control': '0:00', 'knockdowns': 0, 'significant_strike_percentage': 61.82, 'significant_strikes': 34, 'significant_strikes_attempted': 55, 'submission_attempts': 0, 'takedown_percentage': 0, 'takedowns': 0, 'takedowns_attempted': 0, 'total_strike_percentage': 61.82, 'total_strikes': 34, 'total_strikes_attempted': 55}}, {'id': 'sr:competitor:312937', 'name': 'Jung, Chan Sung', 'abbreviation': 'JUN', 'qualifier': 'away', 'statistics': {'control': '0:00', 'knockdowns': 0, 'significant_strike_percentage': 30, 'significant_strikes': 15, 'significant_strikes_attempted': 50, 'submission_attempts': 0, 'takedown_percentage': 0, 'takedowns': 0, 'takedowns_attempted': 1, 'total_strike_percentage': 29.41, 'total_strikes': 15, 'total_strikes_attempted': 51}}]}, {'number': 2, 'competitors': [{'id': 'sr:competitor:237652', 'name': 'Holloway, Max', 'abbreviation': 'HOL', 'qualifier': 'home', 'statistics': {'control': '00:54', 'knockdowns': 1, 'significant_strike_percentage': 58.06, 'significant_strikes': 36, 'significant_strikes_attempted': 62, 'submission_attempts': 1, 'takedown_percentage': 0, 'takedowns': 0, 'takedowns_attempted': 0, 'total_strike_percentage': 58.06, 'total_strikes': 36, 'total_strikes_attempted': 62}}, {'id': 'sr:competitor:312937', 'name': 'Jung, Chan Sung', 'abbreviation': 'JUN', 'qualifier': 'away', 'statistics': {'control': '00:15', 'knockdowns': 0, 'significant_strike_percentage': 28.07, 'significant_strikes': 16, 'significant_strikes_attempted': 57, 'submission_attempts': 0, 'takedown_percentage': 0, 'takedowns': 0, 'takedowns_attempted': 0, 'total_strike_percentage': 29.31, 'total_strikes': 17, 'total_strikes_attempted': 58}}]}, {'number': 3, 'competitors': [{'id': 'sr:competitor:237652', 'name': 'Holloway, Max', 'abbreviation': 'HOL', 'qualifier': 'home', 'statistics': {'control': '00:03', 'knockdowns': 1, 'significant_strike_percentage': 45.45, 'significant_strikes': 5, 'significant_strikes_attempted': 11, 'submission_attempts': 0, 'takedown_percentage': 0, 'takedowns': 0, 'takedowns_attempted': 0, 'total_strike_percentage': 45.45, 'total_strikes': 5, 'total_strikes_attempted': 11}}, {'id': 'sr:competitor:312937', 'name': 'Jung, Chan Sung', 'abbreviation': 'JUN', 'qualifier': 'away', 'statistics': {'control': '0:00', 'knockdowns': 0, 'significant_strike_percentage': 17.65, 'significant_strikes': 3, 'significant_strikes_attempted': 17, 'submission_attempts': 0, 'takedown_percentage': 0, 'takedowns': 0, 'takedowns_attempted': 0, 'total_strike_percentage': 17.65, 'total_strikes': 3, 'total_strikes_attempted': 17}}]}]}}, {'sport_event': {'id': 'sr:sport_event:39610737', 'start_time': '2023-04-16T03:05:00+00:00', 'start_time_confirmed': True, 'sport_event_context': {'sport': {'id': 'sr:sport:117', 'name': 'MMA'}, 'category': {'id': 'sr:category:1089', 'name': 'UFC'}, 'competition': {'id': 'sr:competition:39279', 'name': 'UFC Fight Night: Holloway vs. Allen'}, 'season': {'id': 'sr:season:103127', 'name': 'UFC Fight Night: Holloway vs. Allen 2023', 'start_date': '2023-04-15', 'end_date': '2023-04-16', 'year': '2023', 'competition_id': 'sr:competition:39279'}, 'stage': {'type': 'Main Card'}}, 'coverage': {'type': 'sport_event', 'sport_event_properties': {'live': True}}, 'competitors': [{'id': 'sr:competitor:237652', 'name': 'Holloway, Max', 'abbreviation': 'HOL', 'qualifier': 'home', 'gender': 'male'}, {'id': 'sr:competitor:245447', 'name': 'Allen, Arnold', 'abbreviation': 'ALL', 'qualifier': 'away', 'gender': 'male'}], 'venue': {'id': 'sr:venue:20157', 'name': 'T-Mobile Center', 'capacity': 18972, 'city_name': 'Kansas City', 'country_name': 'USA', 'country_code': 'USA', 'timezone': 'America/Chicago', 'state': 'MO'}}, 'sport_event_status': {'status': 'closed', 'match_status': 'ended', 'winner_id': 'sr:competitor:237652', 'final_round': 5, 'final_round_length': '5:00', 'method': 'decision_unanimous', 'winner': 'home_team', 'scheduled_length': 5, 'weight_class': 'featherweight(136-145)', 'title_fight': False, 'main_event': False}, 'statistics': {'totals': {'competitors': [{'id': 'sr:competitor:237652', 'name': 'Holloway, Max', 'abbreviation': 'HOL', 'qualifier': 'home', 'statistics': {'control': '0:00', 'knockdowns': 0, 'significant_strike_percentage': 56.11, 'significant_strikes': 147, 'significant_strikes_attempted': 262, 'submission_attempts': 0, 'takedown_percentage': 0, 'takedowns': 0, 'takedowns_attempted': 0, 'total_strike_percentage': 56.44, 'total_strikes': 149, 'total_strikes_attempted': 264}}, {'id': 'sr:competitor:245447', 'name': 'Allen, Arnold', 'abbreviation': 'ALL', 'qualifier': 'away', 'statistics': {'control': '0:00', 'knockdowns': 0, 'significant_strike_percentage': 33.78, 'significant_strikes': 76, 'significant_strikes_attempted': 225, 'submission_attempts': 0, 'takedown_percentage': 0, 'takedowns': 0, 'takedowns_attempted': 0, 'total_strike_percentage': 34.93, 'total_strikes': 80, 'total_strikes_attempted': 229}}]}, 'periods': [{'number': 1, 'competitors': [{'id': 'sr:competitor:237652', 'name': 'Holloway, Max', 'abbreviation': 'HOL', 'qualifier': 'home', 'statistics': {'control': '0:00', 'knockdowns': 0, 'significant_strike_percentage': 43.55, 'significant_strikes': 27, 'significant_strikes_attempted': 62, 'submission_attempts': 0, 'takedown_percentage': 0, 'takedowns': 0, 'takedowns_attempted': 0, 'total_strike_percentage': 43.55, 'total_strikes': 27, 'total_strikes_attempted': 62}}, {'id': 'sr:competitor:245447', 'name': 'Allen, Arnold', 'abbreviation': 'ALL', 'qualifier': 'away', 'statistics': {'control': '0:00', 'knockdowns': 0, 'significant_strike_percentage': 33.33, 'significant_strikes': 11, 'significant_strikes_attempted': 33, 'submission_attempts': 0, 'takedown_percentage': 0, 'takedowns': 0, 'takedowns_attempted': 0, 'total_strike_percentage': 33.33, 'total_strikes': 11, 'total_strikes_attempted': 33}}]}, {'number': 2, 'competitors': [{'id': 'sr:competitor:237652', 'name': 'Holloway, Max', 'abbreviation': 'HOL', 'qualifier': 'home', 'statistics': {'control': '0:00', 'knockdowns': 0, 'significant_strike_percentage': 51.02, 'significant_strikes': 25, 'significant_strikes_attempted': 49, 'submission_attempts': 0, 'takedown_percentage': 0, 'takedowns': 0, 'takedowns_attempted': 0, 'total_strike_percentage': 51.02, 'total_strikes': 25, 'total_strikes_attempted': 49}}, {'id': 'sr:competitor:245447', 'name': 'Allen, Arnold', 'abbreviation': 'ALL', 'qualifier': 'away', 'statistics': {'control': '0:00', 'knockdowns': 0, 'significant_strike_percentage': 45.24, 'significant_strikes': 19, 'significant_strikes_attempted': 42, 'submission_attempts': 0, 'takedown_percentage': 0, 'takedowns': 0, 'takedowns_attempted': 0, 'total_strike_percentage': 45.24, 'total_strikes': 19, 'total_strikes_attempted': 42}}]}, {'number': 3, 'competitors': [{'id': 'sr:competitor:237652', 'name': 'Holloway, Max', 'abbreviation': 'HOL', 'qualifier': 'home', 'statistics': {'control': '0:00', 'knockdowns': 0, 'significant_strike_percentage': 64.71, 'significant_strikes': 33, 'significant_strikes_attempted': 51, 'submission_attempts': 0, 'takedown_percentage': 0, 'takedowns': 0, 'takedowns_attempted': 0, 'total_strike_percentage': 64.71, 'total_strikes': 33, 'total_strikes_attempted': 51}}, {'id': 'sr:competitor:245447', 'name': 'Allen, Arnold', 'abbreviation': 'ALL', 'qualifier': 'away', 'statistics': {'control': '0:00', 'knockdowns': 0, 'significant_strike_percentage': 31.11, 'significant_strikes': 14, 'significant_strikes_attempted': 45, 'submission_attempts': 0, 'takedown_percentage': 0, 'takedowns': 0, 'takedowns_attempted': 0, 'total_strike_percentage': 31.11, 'total_strikes': 14, 'total_strikes_attempted': 45}}]}, {'number': 4, 'competitors': [{'id': 'sr:competitor:237652', 'name': 'Holloway, Max', 'abbreviation': 'HOL', 'qualifier': 'home', 'statistics': {'control': '0:00', 'knockdowns': 0, 'significant_strike_percentage': 55.77, 'significant_strikes': 29, 'significant_strikes_attempted': 52, 'submission_attempts': 0, 'takedown_percentage': 0, 'takedowns': 0, 'takedowns_attempted': 0, 'total_strike_percentage': 55.77, 'total_strikes': 29, 'total_strikes_attempted': 52}}, {'id': 'sr:competitor:245447', 'name': 'Allen, Arnold', 'abbreviation': 'ALL', 'qualifier': 'away', 'statistics': {'control': '0:00', 'knockdowns': 0, 'significant_strike_percentage': 30.77, 'significant_strikes': 12, 'significant_strikes_attempted': 39, 'submission_attempts': 0, 'takedown_percentage': 0, 'takedowns': 0, 'takedowns_attempted': 0, 'total_strike_percentage': 30.77, 'total_strikes': 12, 'total_strikes_attempted': 39}}]}, {'number': 5, 'competitors': [{'id': 'sr:competitor:237652', 'name': 'Holloway, Max', 'abbreviation': 'HOL', 'qualifier': 'home', 'statistics': {'control': '0:00', 'knockdowns': 0, 'significant_strike_percentage': 68.75, 'significant_strikes': 33, 'significant_strikes_attempted': 48, 'submission_attempts': 0, 'takedown_percentage': 0, 'takedowns': 0, 'takedowns_attempted': 0, 'total_strike_percentage': 70, 'total_strikes': 35, 'total_strikes_attempted': 50}}, {'id': 'sr:competitor:245447', 'name': 'Allen, Arnold', 'abbreviation': 'ALL', 'qualifier': 'away', 'statistics': {'control': '0:00', 'knockdowns': 0, 'significant_strike_percentage': 30.3, 'significant_strikes': 20, 'significant_strikes_attempted': 66, 'submission_attempts': 0, 'takedown_percentage': 0, 'takedowns': 0, 'takedowns_attempted': 0, 'total_strike_percentage': 34.29, 'total_strikes': 24, 'total_strikes_attempted': 70}}]}]}}, {'sport_event': {'id': 'sr:sport_event:33576887', 'start_time': '2022-07-03T03:45:00+00:00', 'start_time_confirmed': True, 'sport_event_context': {'sport': {'id': 'sr:sport:117', 'name': 'MMA'}, 'category': {'id': 'sr:category:1089', 'name': 'UFC'}, 'competition': {'id': 'sr:competition:36649', 'name': 'UFC 276: Adesanya vs. Cannonier'}, 'season': {'id': 'sr:season:93013', 'name': 'UFC 276: Adesanya vs. Cannonier', 'start_date': '2022-07-02', 'end_date': '2022-07-03', 'year': '2022', 'competition_id': 'sr:competition:36649'}, 'stage': {'type': 'Main Card'}}, 'coverage': {'type': 'sport_event', 'sport_event_properties': {'live': True}}, 'competitors': [{'id': 'sr:competitor:290262', 'name': 'Volkanovski, Alex', 'abbreviation': 'VOL', 'qualifier': 'home', 'gender': 'male'}, {'id': 'sr:competitor:237652', 'name': 'Holloway, Max', 'abbreviation': 'HOL', 'qualifier': 'away', 'gender': 'male'}], 'venue': {'id': 'sr:venue:20621', 'name': 'T-Mobile Arena', 'capacity': 18000, 'city_name': 'Paradise', 'country_name': 'USA', 'map_coordinates': '36.102778, -115.178333', 'country_code': 'USA', 'timezone': 'America/Los_Angeles', 'state': 'NV'}}, 'sport_event_status': {'status': 'closed', 'match_status': 'ended', 'winner_id': 'sr:competitor:290262', 'final_round': 5, 'final_round_length': '5:00', 'method': 'decision_unanimous', 'winner': 'home_team', 'scheduled_length': 5, 'weight_class': 'featherweight(136-145)', 'title_fight': True, 'main_event': False}, 'statistics': {'totals': {'competitors': [{'id': 'sr:competitor:237652', 'name': 'Holloway, Max', 'abbreviation': 'HOL', 'qualifier': 'away', 'statistics': {'control': '00:16', 'knockdowns': 0, 'significant_strike_percentage': 42.19, 'significant_strikes': 127, 'significant_strikes_attempted': 301, 'submission_attempts': 0, 'takedown_percentage': 0, 'takedowns': 0, 'takedowns_attempted': 3, 'total_strike_percentage': 48.06, 'total_strikes': 161, 'total_strikes_attempted': 335}}, {'id': 'sr:competitor:290262', 'name': 'Volkanovski, Alex', 'abbreviation': 'VOL', 'qualifier': 'home', 'statistics': {'control': '01:57', 'knockdowns': 0, 'significant_strike_percentage': 53.49, 'significant_strikes': 199, 'significant_strikes_attempted': 372, 'submission_attempts': 0, 'takedown_percentage': 0, 'takedowns': 0, 'takedowns_attempted': 0, 'total_strike_percentage': 54.11, 'total_strikes': 204, 'total_strikes_attempted': 377}}]}, 'periods': [{'number': 1, 'competitors': [{'id': 'sr:competitor:237652', 'name': 'Holloway, Max', 'abbreviation': 'HOL', 'qualifier': 'away', 'statistics': {'control': '0:00', 'knockdowns': 0, 'significant_strike_percentage': 42.86, 'significant_strikes': 24, 'significant_strikes_attempted': 56, 'submission_attempts': 0, 'takedown_percentage': 0, 'takedowns': 0, 'takedowns_attempted': 0, 'total_strike_percentage': 44.83, 'total_strikes': 26, 'total_strikes_attempted': 58}}, {'id': 'sr:competitor:290262', 'name': 'Volkanovski, Alex', 'abbreviation': 'VOL', 'qualifier': 'home', 'statistics': {'control': '0:00', 'knockdowns': 0, 'significant_strike_percentage': 40, 'significant_strikes': 28, 'significant_strikes_attempted': 70, 'submission_attempts': 0, 'takedown_percentage': 0, 'takedowns': 0, 'takedowns_attempted': 0, 'total_strike_percentage': 40, 'total_strikes': 28, 'total_strikes_attempted': 70}}]}, {'number': 2, 'competitors': [{'id': 'sr:competitor:237652', 'name': 'Holloway, Max', 'abbreviation': 'HOL', 'qualifier': 'away', 'statistics': {'control': '0:00', 'knockdowns': 0, 'significant_strike_percentage': 41.54, 'significant_strikes': 27, 'significant_strikes_attempted': 65, 'submission_attempts': 0, 'takedown_percentage': 0, 'takedowns': 0, 'takedowns_attempted': 0, 'total_strike_percentage': 49.33, 'total_strikes': 37, 'total_strikes_attempted': 75}}, {'id': 'sr:competitor:290262', 'name': 'Volkanovski, Alex', 'abbreviation': 'VOL', 'qualifier': 'home', 'statistics': {'control': '00:22', 'knockdowns': 0, 'significant_strike_percentage': 47.44, 'significant_strikes': 37, 'significant_strikes_attempted': 78, 'submission_attempts': 0, 'takedown_percentage': 0, 'takedowns': 0, 'takedowns_attempted': 0, 'total_strike_percentage': 48.1, 'total_strikes': 38, 'total_strikes_attempted': 79}}]}, {'number': 3, 'competitors': [{'id': 'sr:competitor:237652', 'name': 'Holloway, Max', 'abbreviation': 'HOL', 'qualifier': 'away', 'statistics': {'control': '00:05', 'knockdowns': 0, 'significant_strike_percentage': 41.27, 'significant_strikes': 26, 'significant_strikes_attempted': 63, 'submission_attempts': 0, 'takedown_percentage': 0, 'takedowns': 0, 'takedowns_attempted': 0, 'total_strike_percentage': 44.78, 'total_strikes': 30, 'total_strikes_attempted': 67}}, {'id': 'sr:competitor:290262', 'name': 'Volkanovski, Alex', 'abbreviation': 'VOL', 'qualifier': 'home', 'statistics': {'control': '00:32', 'knockdowns': 0, 'significant_strike_percentage': 54.05, 'significant_strikes': 40, 'significant_strikes_attempted': 74, 'submission_attempts': 0, 'takedown_percentage': 0, 'takedowns': 0, 'takedowns_attempted': 0, 'total_strike_percentage': 54.05, 'total_strikes': 40, 'total_strikes_attempted': 74}}]}, {'number': 4, 'competitors': [{'id': 'sr:competitor:237652', 'name': 'Holloway, Max', 'abbreviation': 'HOL', 'qualifier': 'away', 'statistics': {'control': '00:03', 'knockdowns': 0, 'significant_strike_percentage': 49.21, 'significant_strikes': 31, 'significant_strikes_attempted': 63, 'submission_attempts': 0, 'takedown_percentage': 0, 'takedowns': 0, 'takedowns_attempted': 1, 'total_strike_percentage': 56.76, 'total_strikes': 42, 'total_strikes_attempted': 74}}, {'id': 'sr:competitor:290262', 'name': 'Volkanovski, Alex', 'abbreviation': 'VOL', 'qualifier': 'home', 'statistics': {'control': '00:26', 'knockdowns': 0, 'significant_strike_percentage': 62.86, 'significant_strikes': 44, 'significant_strikes_attempted': 70, 'submission_attempts': 0, 'takedown_percentage': 0, 'takedowns': 0, 'takedowns_attempted': 0, 'total_strike_percentage': 64.86, 'total_strikes': 48, 'total_strikes_attempted': 74}}]}, {'number': 5, 'competitors': [{'id': 'sr:competitor:237652', 'name': 'Holloway, Max', 'abbreviation': 'HOL', 'qualifier': 'away', 'statistics': {'control': '00:08', 'knockdowns': 0, 'significant_strike_percentage': 35.19, 'significant_strikes': 19, 'significant_strikes_attempted': 54, 'submission_attempts': 0, 'takedown_percentage': 0, 'takedowns': 0, 'takedowns_attempted': 2, 'total_strike_percentage': 42.62, 'total_strikes': 26, 'total_strikes_attempted': 61}}, {'id': 'sr:competitor:290262', 'name': 'Volkanovski, Alex', 'abbreviation': 'VOL', 'qualifier': 'home', 'statistics': {'control': '00:37', 'knockdowns': 0, 'significant_strike_percentage': 62.5, 'significant_strikes': 50, 'significant_strikes_attempted': 80, 'submission_attempts': 0, 'takedown_percentage': 0, 'takedowns': 0, 'takedowns_attempted': 0, 'total_strike_percentage': 62.5, 'total_strikes': 50, 'total_strikes_attempted': 80}}]}]}}, {'sport_event': {'id': 'sr:sport_event:29488424', 'start_time': '2021-11-13T23:00:00+00:00', 'start_time_confirmed': True, 'sport_event_context': {'sport': {'id': 'sr:sport:117', 'name': 'MMA'}, 'category': {'id': 'sr:category:1089', 'name': 'UFC'}, 'competition': {'id': 'sr:competition:35398', 'name': 'UFC Fight Night - Holloway vs. Rodriguez'}, 'season': {'id': 'sr:season:87634', 'name': 'UFC Fight Night - Holloway vs. Rodriguez 2021', 'start_date': '2021-11-13', 'end_date': '2021-11-14', 'year': '2021', 'competition_id': 'sr:competition:35398'}, 'stage': {'type': 'Main Card'}}, 'coverage': {'type': 'sport_event', 'sport_event_properties': {'live': True}}, 'competitors': [{'id': 'sr:competitor:237652', 'name': 'Holloway, Max', 'abbreviation': 'HOL', 'qualifier': 'home', 'gender': 'male'}, {'id': 'sr:competitor:253381', 'name': 'Rodriguez, Yair', 'abbreviation': 'ROD', 'qualifier': 'away', 'gender': 'male'}], 'venue': {'id': 'sr:venue:52057', 'name': 'UFC Apex', 'capacity': 30000, 'city_name': 'Las Vegas', 'country_name': 'USA', 'map_coordinates': '36.0684881,-115.2282739', 'country_code': 'USA', 'timezone': 'America/Los_Angeles', 'state': 'NV'}}, 'sport_event_status': {'status': 'closed', 'match_status': 'ended', 'winner_id': 'sr:competitor:237652', 'final_round': 5, 'final_round_length': '5:00', 'method': 'decision_unanimous', 'winner': 'home_team', 'scheduled_length': 5, 'weight_class': 'featherweight(136-145)', 'title_fight': False, 'main_event': False}, 'statistics': {'totals': {'competitors': [{'id': 'sr:competitor:237652', 'name': 'Holloway, Max', 'abbreviation': 'HOL', 'qualifier': 'home', 'statistics': {'control': '06:49', 'knockdowns': 0, 'significant_strike_percentage': 56.93, 'significant_strikes': 230, 'significant_strikes_attempted': 404, 'submission_attempts': 1, 'takedown_percentage': 60, 'takedowns': 3, 'takedowns_attempted': 5, 'total_strike_percentage': 57.83, 'total_strikes': 251, 'total_strikes_attempted': 434}}, {'id': 'sr:competitor:253381', 'name': 'Rodriguez, Yair', 'abbreviation': 'ROD', 'qualifier': 'away', 'statistics': {'control': '01:20', 'knockdowns': 0, 'significant_strike_percentage': 45.17, 'significant_strikes': 159, 'significant_strikes_attempted': 352, 'submission_attempts': 0, 'takedown_percentage': 20, 'takedowns': 1, 'takedowns_attempted': 5, 'total_strike_percentage': 48.56, 'total_strikes': 186, 'total_strikes_attempted': 383}}]}, 'periods': [{'number': 1, 'competitors': [{'id': 'sr:competitor:237652', 'name': 'Holloway, Max', 'abbreviation': 'HOL', 'qualifier': 'home', 'statistics': {'control': '00:14', 'knockdowns': 0, 'significant_strike_percentage': 66.67, 'significant_strikes': 38, 'significant_strikes_attempted': 57, 'submission_attempts': 0, 'takedown_percentage': 50, 'takedowns': 1, 'takedowns_attempted': 2, 'total_strike_percentage': 67.74, 'total_strikes': 42, 'total_strikes_attempted': 62}}, {'id': 'sr:competitor:253381', 'name': 'Rodriguez, Yair', 'abbreviation': 'ROD', 'qualifier': 'away', 'statistics': {'control': '00:43', 'knockdowns': 0, 'significant_strike_percentage': 46.84, 'significant_strikes': 37, 'significant_strikes_attempted': 79, 'submission_attempts': 0, 'takedown_percentage': 0, 'takedowns': 0, 'takedowns_attempted': 3, 'total_strike_percentage': 47.5, 'total_strikes': 38, 'total_strikes_attempted': 80}}]}, {'number': 2, 'competitors': [{'id': 'sr:competitor:237652', 'name': 'Holloway, Max', 'abbreviation': 'HOL', 'qualifier': 'home', 'statistics': {'control': '00:25', 'knockdowns': 0, 'significant_strike_percentage': 52.73, 'significant_strikes': 58, 'significant_strikes_attempted': 110, 'submission_attempts': 0, 'takedown_percentage': 0, 'takedowns': 0, 'takedowns_attempted': 0, 'total_strike_percentage': 53.15, 'total_strikes': 59, 'total_strikes_attempted': 111}}, {'id': 'sr:competitor:253381', 'name': 'Rodriguez, Yair', 'abbreviation': 'ROD', 'qualifier': 'away', 'statistics': {'control': '0:00', 'knockdowns': 0, 'significant_strike_percentage': 50, 'significant_strikes': 42, 'significant_strikes_attempted': 84, 'submission_attempts': 0, 'takedown_percentage': 0, 'takedowns': 0, 'takedowns_attempted': 0, 'total_strike_percentage': 50.59, 'total_strikes': 43, 'total_strikes_attempted': 85}}]}, {'number': 3, 'competitors': [{'id': 'sr:competitor:237652', 'name': 'Holloway, Max', 'abbreviation': 'HOL', 'qualifier': 'home', 'statistics': {'control': '03:04', 'knockdowns': 0, 'significant_strike_percentage': 57.58, 'significant_strikes': 38, 'significant_strikes_attempted': 66, 'submission_attempts': 0, 'takedown_percentage': 50, 'takedowns': 1, 'takedowns_attempted': 2, 'total_strike_percentage': 56.79, 'total_strikes': 46, 'total_strikes_attempted': 81}}, {'id': 'sr:competitor:253381', 'name': 'Rodriguez, Yair', 'abbreviation': 'ROD', 'qualifier': 'away', 'statistics': {'control': '00:07', 'knockdowns': 0, 'significant_strike_percentage': 42.55, 'significant_strikes': 20, 'significant_strikes_attempted': 47, 'submission_attempts': 0, 'takedown_percentage': 100, 'takedowns': 1, 'takedowns_attempted': 1, 'total_strike_percentage': 40, 'total_strikes': 20, 'total_strikes_attempted': 50}}]}, {'number': 4, 'competitors': [{'id': 'sr:competitor:237652', 'name': 'Holloway, Max', 'abbreviation': 'HOL', 'qualifier': 'home', 'statistics': {'control': '02:06', 'knockdowns': 0, 'significant_strike_percentage': 55.84, 'significant_strikes': 43, 'significant_strikes_attempted': 77, 'submission_attempts': 1, 'takedown_percentage': 100, 'takedowns': 1, 'takedowns_attempted': 1, 'total_strike_percentage': 58.33, 'total_strikes': 49, 'total_strikes_attempted': 84}}, {'id': 'sr:competitor:253381', 'name': 'Rodriguez, Yair', 'abbreviation': 'ROD', 'qualifier': 'away', 'statistics': {'control': '0:00', 'knockdowns': 0, 'significant_strike_percentage': 37.5, 'significant_strikes': 24, 'significant_strikes_attempted': 64, 'submission_attempts': 0, 'takedown_percentage': 0, 'takedowns': 0, 'takedowns_attempted': 0, 'total_strike_percentage': 40.58, 'total_strikes': 28, 'total_strikes_attempted': 69}}]}, {'number': 5, 'competitors': [{'id': 'sr:competitor:237652', 'name': 'Holloway, Max', 'abbreviation': 'HOL', 'qualifier': 'home', 'statistics': {'control': '01:00', 'knockdowns': 0, 'significant_strike_percentage': 56.38, 'significant_strikes': 53, 'significant_strikes_attempted': 94, 'submission_attempts': 0, 'takedown_percentage': 0, 'takedowns': 0, 'takedowns_attempted': 0, 'total_strike_percentage': 57.29, 'total_strikes': 55, 'total_strikes_attempted': 96}}, {'id': 'sr:competitor:253381', 'name': 'Rodriguez, Yair', 'abbreviation': 'ROD', 'qualifier': 'away', 'statistics': {'control': '00:30', 'knockdowns': 0, 'significant_strike_percentage': 46.15, 'significant_strikes': 36, 'significant_strikes_attempted': 78, 'submission_attempts': 0, 'takedown_percentage': 0, 'takedowns': 0, 'takedowns_attempted': 1, 'total_strike_percentage': 57.58, 'total_strikes': 57, 'total_strikes_attempted': 99}}]}]}}, {'sport_event': {'id': 'sr:sport_event:24788034', 'start_time': '2021-01-16T22:10:00+00:00', 'start_time_confirmed': True, 'sport_event_context': {'sport': {'id': 'sr:sport:117', 'name': 'MMA'}, 'category': {'id': 'sr:category:1089', 'name': 'UFC'}, 'competition': {'id': 'sr:competition:33526', 'name': 'UFC Fight Night: Holloway vs. Kattar', 'parent_id': 'sr:competition:25325'}, 'season': {'id': 'sr:season:80284', 'name': 'UFC Fight Night: Holloway vs. Kattar 2021', 'start_date': '2021-01-15', 'end_date': '2021-01-17', 'year': '2021', 'competition_id': 'sr:competition:33526'}, 'stage': {'type': 'Main Card'}}, 'coverage': {'type': 'sport_event', 'sport_event_properties': {'live': True}}, 'competitors': [{'id': 'sr:competitor:237652', 'name': 'Holloway, Max', 'abbreviation': 'HOL', 'qualifier': 'home', 'gender': 'male'}, {'id': 'sr:competitor:361988', 'name': 'Kattar, Calvin', 'abbreviation': 'KAT', 'qualifier': 'away', 'gender': 'male'}], 'venue': {'id': 'sr:venue:40112', 'name': 'Yas Arena', 'city_name': 'Abu Dhabi', 'country_name': 'United Arab Emirates', 'country_code': 'ARE', 'timezone': 'Asia/Dubai'}}, 'sport_event_status': {'status': 'closed', 'match_status': 'ended', 'winner_id': 'sr:competitor:237652', 'final_round': 5, 'final_round_length': '5:00', 'method': 'decision_unanimous', 'winner': 'home_team', 'scheduled_length': 5, 'weight_class': 'featherweight(136-145)', 'title_fight': False, 'main_event': False}, 'statistics': {'totals': {'competitors': [{'id': 'sr:competitor:237652', 'name': 'Holloway, Max', 'abbreviation': 'HOL', 'qualifier': 'home', 'statistics': {'control': '00:27', 'knockdowns': 0, 'significant_strike_percentage': 59.81, 'significant_strikes': 445, 'significant_strikes_attempted': 744, 'submission_attempts': 0, 'takedown_percentage': 0, 'takedowns': 0, 'takedowns_attempted': 1, 'total_strike_percentage': 59.92, 'total_strikes': 447, 'total_strikes_attempted': 746}}, {'id': 'sr:competitor:361988', 'name': 'Kattar, Calvin', 'abbreviation': 'KAT', 'qualifier': 'away', 'statistics': {'control': '00:05', 'knockdowns': 0, 'significant_strike_percentage': 47, 'significant_strikes': 133, 'significant_strikes_attempted': 283, 'submission_attempts': 0, 'takedown_percentage': 0, 'takedowns': 0, 'takedowns_attempted': 2, 'total_strike_percentage': 47.18, 'total_strikes': 134, 'total_strikes_attempted': 284}}]}, 'periods': [{'number': 1, 'competitors': [{'id': 'sr:competitor:237652', 'name': 'Holloway, Max', 'abbreviation': 'HOL', 'qualifier': 'home', 'statistics': {'control': '0:00', 'knockdowns': 0, 'significant_strike_percentage': 51.85, 'significant_strikes': 56, 'significant_strikes_attempted': 108, 'submission_attempts': 0, 'takedown_percentage': 0, 'takedowns': 0, 'takedowns_attempted': 0, 'total_strike_percentage': 51.85, 'total_strikes': 56, 'total_strikes_attempted': 108}}, {'id': 'sr:competitor:361988', 'name': 'Kattar, Calvin', 'abbreviation': 'KAT', 'qualifier': 'away', 'statistics': {'control': '0:00', 'knockdowns': 0, 'significant_strike_percentage': 51.06, 'significant_strikes': 24, 'significant_strikes_attempted': 47, 'submission_attempts': 0, 'takedown_percentage': 0, 'takedowns': 0, 'takedowns_attempted': 0, 'total_strike_percentage': 51.06, 'total_strikes': 24, 'total_strikes_attempted': 47}}]}, {'number': 2, 'competitors': [{'id': 'sr:competitor:237652', 'name': 'Holloway, Max', 'abbreviation': 'HOL', 'qualifier': 'home', 'statistics': {'control': '0:00', 'knockdowns': 0, 'significant_strike_percentage': 54.27, 'significant_strikes': 89, 'significant_strikes_attempted': 164, 'submission_attempts': 0, 'takedown_percentage': 0, 'takedowns': 0, 'takedowns_attempted': 0, 'total_strike_percentage': 54.27, 'total_strikes': 89, 'total_strikes_attempted': 164}}, {'id': 'sr:competitor:361988', 'name': 'Kattar, Calvin', 'abbreviation': 'KAT', 'qualifier': 'away', 'statistics': {'control': '00:03', 'knockdowns': 0, 'significant_strike_percentage': 41.67, 'significant_strikes': 20, 'significant_strikes_attempted': 48, 'submission_attempts': 0, 'takedown_percentage': 0, 'takedowns': 0, 'takedowns_attempted': 1, 'total_strike_percentage': 41.67, 'total_strikes': 20, 'total_strikes_attempted': 48}}]}, {'number': 3, 'competitors': [{'id': 'sr:competitor:237652', 'name': 'Holloway, Max', 'abbreviation': 'HOL', 'qualifier': 'home', 'statistics': {'control': '00:13', 'knockdowns': 0, 'significant_strike_percentage': 53.96, 'significant_strikes': 75, 'significant_strikes_attempted': 139, 'submission_attempts': 0, 'takedown_percentage': 0, 'takedowns': 0, 'takedowns_attempted': 0, 'total_strike_percentage': 54.61, 'total_strikes': 77, 'total_strikes_attempted': 141}}, {'id': 'sr:competitor:361988', 'name': 'Kattar, Calvin', 'abbreviation': 'KAT', 'qualifier': 'away', 'statistics': {'control': '0:00', 'knockdowns': 0, 'significant_strike_percentage': 49.15, 'significant_strikes': 29, 'significant_strikes_attempted': 59, 'submission_attempts': 0, 'takedown_percentage': 0, 'takedowns': 0, 'takedowns_attempted': 1, 'total_strike_percentage': 50, 'total_strikes': 30, 'total_strikes_attempted': 60}}]}, {'number': 4, 'competitors': [{'id': 'sr:competitor:237652', 'name': 'Holloway, Max', 'abbreviation': 'HOL', 'qualifier': 'home', 'statistics': {'control': '00:14', 'knockdowns': 0, 'significant_strike_percentage': 73.82, 'significant_strikes': 141, 'significant_strikes_attempted': 191, 'submission_attempts': 0, 'takedown_percentage': 0, 'takedowns': 0, 'takedowns_attempted': 1, 'total_strike_percentage': 73.82, 'total_strikes': 141, 'total_strikes_attempted': 191}}, {'id': 'sr:competitor:361988', 'name': 'Kattar, Calvin', 'abbreviation': 'KAT', 'qualifier': 'away', 'statistics': {'control': '00:02', 'knockdowns': 0, 'significant_strike_percentage': 47.89, 'significant_strikes': 34, 'significant_strikes_attempted': 71, 'submission_attempts': 0, 'takedown_percentage': 0, 'takedowns': 0, 'takedowns_attempted': 0, 'total_strike_percentage': 47.89, 'total_strikes': 34, 'total_strikes_attempted': 71}}]}, {'number': 5, 'competitors': [{'id': 'sr:competitor:237652', 'name': 'Holloway, Max', 'abbreviation': 'HOL', 'qualifier': 'home', 'statistics': {'control': '0:00', 'knockdowns': 0, 'significant_strike_percentage': 59.15, 'significant_strikes': 84, 'significant_strikes_attempted': 142, 'submission_attempts': 0, 'takedown_percentage': 0, 'takedowns': 0, 'takedowns_attempted': 0, 'total_strike_percentage': 59.15, 'total_strikes': 84, 'total_strikes_attempted': 142}}, {'id': 'sr:competitor:361988', 'name': 'Kattar, Calvin', 'abbreviation': 'KAT', 'qualifier': 'away', 'statistics': {'control': '0:00', 'knockdowns': 0, 'significant_strike_percentage': 44.83, 'significant_strikes': 26, 'significant_strikes_attempted': 58, 'submission_attempts': 0, 'takedown_percentage': 0, 'takedowns': 0, 'takedowns_attempted': 0, 'total_strike_percentage': 44.83, 'total_strikes': 26, 'total_strikes_attempted': 58}}]}]}}, {'sport_event': {'id': 'sr:sport_event:22275245', 'start_time': '2020-07-12T04:00:00+00:00', 'start_time_confirmed': True, 'sport_event_context': {'sport': {'id': 'sr:sport:117', 'name': 'MMA'}, 'category': {'id': 'sr:category:1089', 'name': 'UFC'}, 'competition': {'id': 'sr:competition:32625', 'name': 'UFC 251 - Usman vs. Masvidal', 'parent_id': 'sr:competition:25325'}, 'season': {'id': 'sr:season:77113', 'name': 'UFC 251 - Usman vs. Masvidal', 'start_date': '2020-07-11', 'end_date': '2020-07-13', 'year': '2020', 'competition_id': 'sr:competition:32625'}, 'stage': {'type': 'Main Card'}}, 'coverage': {'type': 'sport_event', 'sport_event_properties': {'live': True}}, 'competitors': [{'id': 'sr:competitor:290262', 'name': 'Volkanovski, Alex', 'abbreviation': 'VOL', 'qualifier': 'home', 'gender': 'male'}, {'id': 'sr:competitor:237652', 'name': 'Holloway, Max', 'abbreviation': 'HOL', 'qualifier': 'away', 'gender': 'male'}], 'venue': {'id': 'sr:venue:40112', 'name': 'Yas Arena', 'city_name': 'Abu Dhabi', 'country_name': 'United Arab Emirates', 'country_code': 'ARE', 'timezone': 'Asia/Dubai'}}, 'sport_event_status': {'status': 'closed', 'match_status': 'ended', 'winner_id': 'sr:competitor:290262', 'final_round': 5, 'final_round_length': '5:00', 'method': 'decision_split', 'winner': 'home_team', 'scheduled_length': 5, 'weight_class': 'featherweight(136-145)', 'title_fight': True, 'main_event': False}, 'statistics': {'totals': {'competitors': [{'id': 'sr:competitor:237652', 'name': 'Holloway, Max', 'abbreviation': 'HOL', 'qualifier': 'away', 'statistics': {'control': '0:00', 'knockdowns': 0, 'significant_strike_percentage': 38.06, 'significant_strikes': 102, 'significant_strikes_attempted': 268, 'submission_attempts': 0, 'takedown_percentage': 0, 'takedowns': 0, 'takedowns_attempted': 0, 'total_strike_percentage': 40.07, 'total_strikes': 111, 'total_strikes_attempted': 277}}, {'id': 'sr:competitor:290262', 'name': 'Volkanovski, Alex', 'abbreviation': 'VOL', 'qualifier': 'home', 'statistics': {'control': '0:00', 'knockdowns': 0, 'significant_strike_percentage': 50.37, 'significant_strikes': 137, 'significant_strikes_attempted': 272, 'submission_attempts': 0, 'takedown_percentage': 33.33, 'takedowns': 3, 'takedowns_attempted': 9, 'total_strike_percentage': 50.55, 'total_strikes': 139, 'total_strikes_attempted': 275}}]}, 'periods': [{'number': 1, 'competitors': [{'id': 'sr:competitor:237652', 'name': 'Holloway, Max', 'abbreviation': 'HOL', 'qualifier': 'away', 'statistics': {'control': '0:00', 'knockdowns': 0, 'significant_strike_percentage': 0, 'significant_strikes': 19, 'significant_strikes_attempted': 0, 'submission_attempts': 0, 'takedown_percentage': 0, 'takedowns': 0, 'takedowns_attempted': 0, 'total_strike_percentage': 0, 'total_strikes': 19, 'total_strikes_attempted': 0}}, {'id': 'sr:competitor:290262', 'name': 'Volkanovski, Alex', 'abbreviation': 'VOL', 'qualifier': 'home', 'statistics': {'control': '0:00', 'knockdowns': 0, 'significant_strike_percentage': 0, 'significant_strikes': 19, 'significant_strikes_attempted': 0, 'submission_attempts': 0, 'takedown_percentage': 0, 'takedowns': 0, 'takedowns_attempted': 0, 'total_strike_percentage': 0, 'total_strikes': 19, 'total_strikes_attempted': 0}}]}, {'number': 2, 'competitors': [{'id': 'sr:competitor:237652', 'name': 'Holloway, Max', 'abbreviation': 'HOL', 'qualifier': 'away', 'statistics': {'control': '0:00', 'knockdowns': 0, 'significant_strike_percentage': 0, 'significant_strikes': 21, 'significant_strikes_attempted': 0, 'submission_attempts': 0, 'takedown_percentage': 0, 'takedowns': 0, 'takedowns_attempted': 0, 'total_strike_percentage': 0, 'total_strikes': 21, 'total_strikes_attempted': 0}}, {'id': 'sr:competitor:290262', 'name': 'Volkanovski, Alex', 'abbreviation': 'VOL', 'qualifier': 'home', 'statistics': {'control': '0:00', 'knockdowns': 0, 'significant_strike_percentage': 0, 'significant_strikes': 22, 'significant_strikes_attempted': 0, 'submission_attempts': 0, 'takedown_percentage': 0, 'takedowns': 0, 'takedowns_attempted': 0, 'total_strike_percentage': 0, 'total_strikes': 22, 'total_strikes_attempted': 0}}]}, {'number': 3, 'competitors': [{'id': 'sr:competitor:237652', 'name': 'Holloway, Max', 'abbreviation': 'HOL', 'qualifier': 'away', 'statistics': {'control': '0:00', 'knockdowns': 0, 'significant_strike_percentage': 0, 'significant_strikes': 15, 'significant_strikes_attempted': 0, 'submission_attempts': 0, 'takedown_percentage': 0, 'takedowns': 0, 'takedowns_attempted': 0, 'total_strike_percentage': 0, 'total_strikes': 18, 'total_strikes_attempted': 0}}, {'id': 'sr:competitor:290262', 'name': 'Volkanovski, Alex', 'abbreviation': 'VOL', 'qualifier': 'home', 'statistics': {'control': '0:00', 'knockdowns': 0, 'significant_strike_percentage': 0, 'significant_strikes': 25, 'significant_strikes_attempted': 0, 'submission_attempts': 0, 'takedown_percentage': 0, 'takedowns': 0, 'takedowns_attempted': 0, 'total_strike_percentage': 0, 'total_strikes': 27, 'total_strikes_attempted': 0}}]}, {'number': 4, 'competitors': [{'id': 'sr:competitor:237652', 'name': 'Holloway, Max', 'abbreviation': 'HOL', 'qualifier': 'away', 'statistics': {'control': '0:00', 'knockdowns': 0, 'significant_strike_percentage': 0, 'significant_strikes': 24, 'significant_strikes_attempted': 0, 'submission_attempts': 0, 'takedown_percentage': 0, 'takedowns': 0, 'takedowns_attempted': 0, 'total_strike_percentage': 0, 'total_strikes': 27, 'total_strikes_attempted': 0}}, {'id': 'sr:competitor:290262', 'name': 'Volkanovski, Alex', 'abbreviation': 'VOL', 'qualifier': 'home', 'statistics': {'control': '0:00', 'knockdowns': 0, 'significant_strike_percentage': 0, 'significant_strikes': 34, 'significant_strikes_attempted': 0, 'submission_attempts': 0, 'takedown_percentage': 0, 'takedowns': 1, 'takedowns_attempted': 0, 'total_strike_percentage': 0, 'total_strikes': 34, 'total_strikes_attempted': 0}}]}, {'number': 5, 'competitors': [{'id': 'sr:competitor:237652', 'name': 'Holloway, Max', 'abbreviation': 'HOL', 'qualifier': 'away', 'statistics': {'control': '0:00', 'knockdowns': 0, 'significant_strike_percentage': 0, 'significant_strikes': 23, 'significant_strikes_attempted': 0, 'submission_attempts': 0, 'takedown_percentage': 0, 'takedowns': 0, 'takedowns_attempted': 0, 'total_strike_percentage': 0, 'total_strikes': 26, 'total_strikes_attempted': 0}}, {'id': 'sr:competitor:290262', 'name': 'Volkanovski, Alex', 'abbreviation': 'VOL', 'qualifier': 'home', 'statistics': {'control': '0:00', 'knockdowns': 0, 'significant_strike_percentage': 0, 'significant_strikes': 37, 'significant_strikes_attempted': 0, 'submission_attempts': 0, 'takedown_percentage': 0, 'takedowns': 2, 'takedowns_attempted': 0, 'total_strike_percentage': 0, 'total_strikes': 37, 'total_strikes_attempted': 0}}]}]}}, {'sport_event': {'id': 'sr:sport_event:19912024', 'start_time': '2019-12-15T05:10:00+00:00', 'start_time_confirmed': True, 'sport_event_context': {'sport': {'id': 'sr:sport:117', 'name': 'MMA'}, 'category': {'id': 'sr:category:1089', 'name': 'UFC'}, 'competition': {'id': 'sr:competition:30378', 'name': 'UFC 245 - Las Vegas', 'parent_id': 'sr:competition:25325'}, 'season': {'id': 'sr:season:71594', 'name': 'UFC 245 - Las Vegas 2019', 'start_date': '2019-12-14', 'end_date': '2019-12-16', 'year': '2019', 'competition_id': 'sr:competition:30378'}, 'stage': {'type': 'Main Card'}}, 'coverage': {'type': 'sport_event', 'sport_event_properties': {'live': True}}, 'competitors': [{'id': 'sr:competitor:237652', 'name': 'Holloway, Max', 'abbreviation': 'HOL', 'qualifier': 'home', 'gender': 'male'}, {'id': 'sr:competitor:290262', 'name': 'Volkanovski, Alex', 'abbreviation': 'VOL', 'qualifier': 'away', 'gender': 'male'}], 'venue': {'id': 'sr:venue:20621', 'name': 'T-Mobile Arena', 'capacity': 18000, 'city_name': 'Paradise', 'country_name': 'USA', 'map_coordinates': '36.102778, -115.178333', 'country_code': 'USA', 'timezone': 'America/Los_Angeles', 'state': 'NV'}}, 'sport_event_status': {'status': 'closed', 'match_status': 'ended', 'winner_id': 'sr:competitor:290262', 'final_round': 5, 'final_round_length': '5:00', 'method': 'decision_unanimous', 'winner': 'away_team', 'scheduled_length': 5, 'weight_class': 'featherweight(136-145)', 'title_fight': True, 'main_event': False}, 'statistics': {'totals': {'competitors': [{'id': 'sr:competitor:237652', 'name': 'Holloway, Max', 'abbreviation': 'HOL', 'qualifier': 'home', 'statistics': {'control': '0:00', 'knockdowns': 0, 'significant_strike_percentage': 44.22, 'significant_strikes': 134, 'significant_strikes_attempted': 303, 'submission_attempts': 0, 'takedown_percentage': 0, 'takedowns': 0, 'takedowns_attempted': 0, 'total_strike_percentage': 44.41, 'total_strikes': 135, 'total_strikes_attempted': 304}}, {'id': 'sr:competitor:290262', 'name': 'Volkanovski, Alex', 'abbreviation': 'VOL', 'qualifier': 'away', 'statistics': {'control': '0:00', 'knockdowns': 0, 'significant_strike_percentage': 51.82, 'significant_strikes': 157, 'significant_strikes_attempted': 303, 'submission_attempts': 0, 'takedown_percentage': 0, 'takedowns': 0, 'takedowns_attempted': 4, 'total_strike_percentage': 51.82, 'total_strikes': 157, 'total_strikes_attempted': 303}}]}, 'periods': [{'number': 1, 'competitors': [{'id': 'sr:competitor:237652', 'name': 'Holloway, Max', 'abbreviation': 'HOL', 'qualifier': 'home', 'statistics': {'control': '0:00', 'knockdowns': 0, 'significant_strike_percentage': 0, 'significant_strikes': 19, 'significant_strikes_attempted': 0, 'submission_attempts': 0, 'takedown_percentage': 0, 'takedowns': 0, 'takedowns_attempted': 0, 'total_strike_percentage': 0, 'total_strikes': 19, 'total_strikes_attempted': 0}}, {'id': 'sr:competitor:290262', 'name': 'Volkanovski, Alex', 'abbreviation': 'VOL', 'qualifier': 'away', 'statistics': {'control': '0:00', 'knockdowns': 0, 'significant_strike_percentage': 0, 'significant_strikes': 27, 'significant_strikes_attempted': 0, 'submission_attempts': 0, 'takedown_percentage': 0, 'takedowns': 0, 'takedowns_attempted': 0, 'total_strike_percentage': 0, 'total_strikes': 27, 'total_strikes_attempted': 0}}]}, {'number': 2, 'competitors': [{'id': 'sr:competitor:237652', 'name': 'Holloway, Max', 'abbreviation': 'HOL', 'qualifier': 'home', 'statistics': {'control': '0:00', 'knockdowns': 0, 'significant_strike_percentage': 0, 'significant_strikes': 22, 'significant_strikes_attempted': 0, 'submission_attempts': 0, 'takedown_percentage': 0, 'takedowns': 0, 'takedowns_attempted': 0, 'total_strike_percentage': 0, 'total_strikes': 22, 'total_strikes_attempted': 0}}, {'id': 'sr:competitor:290262', 'name': 'Volkanovski, Alex', 'abbreviation': 'VOL', 'qualifier': 'away', 'statistics': {'control': '0:00', 'knockdowns': 0, 'significant_strike_percentage': 0, 'significant_strikes': 28, 'significant_strikes_attempted': 0, 'submission_attempts': 0, 'takedown_percentage': 0, 'takedowns': 0, 'takedowns_attempted': 0, 'total_strike_percentage': 0, 'total_strikes': 28, 'total_strikes_attempted': 0}}]}, {'number': 3, 'competitors': [{'id': 'sr:competitor:237652', 'name': 'Holloway, Max', 'abbreviation': 'HOL', 'qualifier': 'home', 'statistics': {'control': '0:00', 'knockdowns': 0, 'significant_strike_percentage': 0, 'significant_strikes': 22, 'significant_strikes_attempted': 0, 'submission_attempts': 0, 'takedown_percentage': 0, 'takedowns': 0, 'takedowns_attempted': 0, 'total_strike_percentage': 0, 'total_strikes': 22, 'total_strikes_attempted': 0}}, {'id': 'sr:competitor:290262', 'name': 'Volkanovski, Alex', 'abbreviation': 'VOL', 'qualifier': 'away', 'statistics': {'control': '0:00', 'knockdowns': 0, 'significant_strike_percentage': 0, 'significant_strikes': 35, 'significant_strikes_attempted': 0, 'submission_attempts': 0, 'takedown_percentage': 0, 'takedowns': 0, 'takedowns_attempted': 0, 'total_strike_percentage': 0, 'total_strikes': 35, 'total_strikes_attempted': 0}}]}, {'number': 4, 'competitors': [{'id': 'sr:competitor:237652', 'name': 'Holloway, Max', 'abbreviation': 'HOL', 'qualifier': 'home', 'statistics': {'control': '0:00', 'knockdowns': 0, 'significant_strike_percentage': 0, 'significant_strikes': 37, 'significant_strikes_attempted': 0, 'submission_attempts': 0, 'takedown_percentage': 0, 'takedowns': 0, 'takedowns_attempted': 0, 'total_strike_percentage': 0, 'total_strikes': 37, 'total_strikes_attempted': 0}}, {'id': 'sr:competitor:290262', 'name': 'Volkanovski, Alex', 'abbreviation': 'VOL', 'qualifier': 'away', 'statistics': {'control': '0:00', 'knockdowns': 0, 'significant_strike_percentage': 0, 'significant_strikes': 36, 'significant_strikes_attempted': 0, 'submission_attempts': 0, 'takedown_percentage': 0, 'takedowns': 0, 'takedowns_attempted': 0, 'total_strike_percentage': 0, 'total_strikes': 36, 'total_strikes_attempted': 0}}]}, {'number': 5, 'competitors': [{'id': 'sr:competitor:237652', 'name': 'Holloway, Max', 'abbreviation': 'HOL', 'qualifier': 'home', 'statistics': {'control': '0:00', 'knockdowns': 0, 'significant_strike_percentage': 0, 'significant_strikes': 34, 'significant_strikes_attempted': 0, 'submission_attempts': 0, 'takedown_percentage': 0, 'takedowns': 0, 'takedowns_attempted': 0, 'total_strike_percentage': 0, 'total_strikes': 35, 'total_strikes_attempted': 0}}, {'id': 'sr:competitor:290262', 'name': 'Volkanovski, Alex', 'abbreviation': 'VOL', 'qualifier': 'away', 'statistics': {'control': '0:00', 'knockdowns': 0, 'significant_strike_percentage': 0, 'significant_strikes': 31, 'significant_strikes_attempted': 0, 'submission_attempts': 0, 'takedown_percentage': 0, 'takedowns': 0, 'takedowns_attempted': 0, 'total_strike_percentage': 0, 'total_strikes': 31, 'total_strikes_attempted': 0}}]}]}}, {'sport_event': {'id': 'sr:sport_event:18500290', 'start_time': '2019-07-28T04:15:00+00:00', 'start_time_confirmed': True, 'sport_event_context': {'sport': {'id': 'sr:sport:117', 'name': 'MMA'}, 'category': {'id': 'sr:category:1089', 'name': 'UFC'}, 'competition': {'id': 'sr:competition:29047', 'name': 'UFC 240 - Edmonton', 'parent_id': 'sr:competition:25325'}, 'season': {'id': 'sr:season:67691', 'name': 'UFC 240 - Edmonton 2019', 'start_date': '2019-07-27', 'end_date': '2019-07-29', 'year': '2019', 'competition_id': 'sr:competition:29047'}, 'stage': {'type': 'Main Card'}}, 'coverage': {'type': 'sport_event', 'sport_event_properties': {'live': True}}, 'competitors': [{'id': 'sr:competitor:237652', 'name': 'Holloway, Max', 'abbreviation': 'HOL', 'qualifier': 'home', 'gender': 'male'}, {'id': 'sr:competitor:237640', 'name': 'Edgar, Frankie', 'abbreviation': 'EDG', 'qualifier': 'away', 'gender': 'male'}], 'venue': {'id': 'sr:venue:18335', 'name': 'Rogers Place', 'capacity': 18641, 'city_name': 'Edmonton', 'country_name': 'Canada', 'map_coordinates': '53.546944,-113.497778', 'country_code': 'CAN', 'timezone': 'Canada/Mountain'}}, 'sport_event_status': {'status': 'closed', 'match_status': 'ended', 'winner_id': 'sr:competitor:237652', 'final_round': 5, 'final_round_length': '5:00', 'method': 'decision_unanimous', 'winner': 'home_team', 'scheduled_length': 5, 'weight_class': 'featherweight(136-145)', 'title_fight': True, 'main_event': False}, 'statistics': {'totals': {'competitors': [{'id': 'sr:competitor:237640', 'name': 'Edgar, Frankie', 'abbreviation': 'EDG', 'qualifier': 'away', 'statistics': {'control': '0:00', 'knockdowns': 0, 'significant_strike_percentage': 36.36, 'significant_strikes': 96, 'significant_strikes_attempted': 264, 'submission_attempts': 0, 'takedown_percentage': 6.67, 'takedowns': 1, 'takedowns_attempted': 15, 'total_strike_percentage': 36.36, 'total_strikes': 96, 'total_strikes_attempted': 264}}, {'id': 'sr:competitor:237652', 'name': 'Holloway, Max', 'abbreviation': 'HOL', 'qualifier': 'home', 'statistics': {'control': '0:00', 'knockdowns': 0, 'significant_strike_percentage': 39.33, 'significant_strikes': 129, 'significant_strikes_attempted': 328, 'submission_attempts': 0, 'takedown_percentage': 0, 'takedowns': 0, 'takedowns_attempted': 0, 'total_strike_percentage': 39.7, 'total_strikes': 131, 'total_strikes_attempted': 330}}]}, 'periods': [{'number': 1, 'competitors': [{'id': 'sr:competitor:237640', 'name': 'Edgar, Frankie', 'abbreviation': 'EDG', 'qualifier': 'away', 'statistics': {'control': '0:00', 'knockdowns': 0, 'significant_strike_percentage': 0, 'significant_strikes': 18, 'significant_strikes_attempted': 0, 'submission_attempts': 0, 'takedown_percentage': 0, 'takedowns': 0, 'takedowns_attempted': 0, 'total_strike_percentage': 0, 'total_strikes': 18, 'total_strikes_attempted': 0}}, {'id': 'sr:competitor:237652', 'name': 'Holloway, Max', 'abbreviation': 'HOL', 'qualifier': 'home', 'statistics': {'control': '0:00', 'knockdowns': 0, 'significant_strike_percentage': 0, 'significant_strikes': 13, 'significant_strikes_attempted': 0, 'submission_attempts': 0, 'takedown_percentage': 0, 'takedowns': 0, 'takedowns_attempted': 0, 'total_strike_percentage': 0, 'total_strikes': 13, 'total_strikes_attempted': 0}}]}, {'number': 2, 'competitors': [{'id': 'sr:competitor:237640', 'name': 'Edgar, Frankie', 'abbreviation': 'EDG', 'qualifier': 'away', 'statistics': {'control': '0:00', 'knockdowns': 0, 'significant_strike_percentage': 0, 'significant_strikes': 13, 'significant_strikes_attempted': 0, 'submission_attempts': 0, 'takedown_percentage': 0, 'takedowns': 0, 'takedowns_attempted': 0, 'total_strike_percentage': 0, 'total_strikes': 13, 'total_strikes_attempted': 0}}, {'id': 'sr:competitor:237652', 'name': 'Holloway, Max', 'abbreviation': 'HOL', 'qualifier': 'home', 'statistics': {'control': '0:00', 'knockdowns': 0, 'significant_strike_percentage': 0, 'significant_strikes': 27, 'significant_strikes_attempted': 0, 'submission_attempts': 0, 'takedown_percentage': 0, 'takedowns': 0, 'takedowns_attempted': 0, 'total_strike_percentage': 0, 'total_strikes': 27, 'total_strikes_attempted': 0}}]}, {'number': 3, 'competitors': [{'id': 'sr:competitor:237640', 'name': 'Edgar, Frankie', 'abbreviation': 'EDG', 'qualifier': 'away', 'statistics': {'control': '0:00', 'knockdowns': 0, 'significant_strike_percentage': 0, 'significant_strikes': 17, 'significant_strikes_attempted': 0, 'submission_attempts': 0, 'takedown_percentage': 0, 'takedowns': 1, 'takedowns_attempted': 0, 'total_strike_percentage': 0, 'total_strikes': 17, 'total_strikes_attempted': 0}}, {'id': 'sr:competitor:237652', 'name': 'Holloway, Max', 'abbreviation': 'HOL', 'qualifier': 'home', 'statistics': {'control': '0:00', 'knockdowns': 0, 'significant_strike_percentage': 0, 'significant_strikes': 30, 'significant_strikes_attempted': 0, 'submission_attempts': 0, 'takedown_percentage': 0, 'takedowns': 0, 'takedowns_attempted': 0, 'total_strike_percentage': 0, 'total_strikes': 30, 'total_strikes_attempted': 0}}]}, {'number': 4, 'competitors': [{'id': 'sr:competitor:237640', 'name': 'Edgar, Frankie', 'abbreviation': 'EDG', 'qualifier': 'away', 'statistics': {'control': '0:00', 'knockdowns': 0, 'significant_strike_percentage': 0, 'significant_strikes': 22, 'significant_strikes_attempted': 0, 'submission_attempts': 0, 'takedown_percentage': 0, 'takedowns': 0, 'takedowns_attempted': 0, 'total_strike_percentage': 0, 'total_strikes': 22, 'total_strikes_attempted': 0}}, {'id': 'sr:competitor:237652', 'name': 'Holloway, Max', 'abbreviation': 'HOL', 'qualifier': 'home', 'statistics': {'control': '0:00', 'knockdowns': 0, 'significant_strike_percentage': 0, 'significant_strikes': 29, 'significant_strikes_attempted': 0, 'submission_attempts': 0, 'takedown_percentage': 0, 'takedowns': 0, 'takedowns_attempted': 0, 'total_strike_percentage': 0, 'total_strikes': 31, 'total_strikes_attempted': 0}}]}, {'number': 5, 'competitors': [{'id': 'sr:competitor:237640', 'name': 'Edgar, Frankie', 'abbreviation': 'EDG', 'qualifier': 'away', 'statistics': {'control': '0:00', 'knockdowns': 0, 'significant_strike_percentage': 0, 'significant_strikes': 26, 'significant_strikes_attempted': 0, 'submission_attempts': 0, 'takedown_percentage': 0, 'takedowns': 0, 'takedowns_attempted': 0, 'total_strike_percentage': 0, 'total_strikes': 26, 'total_strikes_attempted': 0}}, {'id': 'sr:competitor:237652', 'name': 'Holloway, Max', 'abbreviation': 'HOL', 'qualifier': 'home', 'statistics': {'control': '0:00', 'knockdowns': 0, 'significant_strike_percentage': 0, 'significant_strikes': 30, 'significant_strikes_attempted': 0, 'submission_attempts': 0, 'takedown_percentage': 0, 'takedowns': 0, 'takedowns_attempted': 0, 'total_strike_percentage': 0, 'total_strikes': 30, 'total_strikes_attempted': 0}}]}]}}, {'sport_event': {'id': 'sr:sport_event:17505053', 'start_time': '2019-04-14T04:40:00+00:00', 'start_time_confirmed': True, 'sport_event_context': {'sport': {'id': 'sr:sport:117', 'name': 'MMA'}, 'category': {'id': 'sr:category:1089', 'name': 'UFC'}, 'competition': {'id': 'sr:competition:28237', 'name': 'UFC 236 - Atlanta', 'parent_id': 'sr:competition:25325'}, 'season': {'id': 'sr:season:64029', 'name': 'UFC 236 - Atlanta 2019', 'start_date': '2019-04-14', 'end_date': '2019-04-15', 'year': '2019', 'competition_id': 'sr:competition:28237'}, 'stage': {'type': 'Main Card'}}, 'coverage': {'type': 'sport_event', 'sport_event_properties': {'live': True}}, 'competitors': [{'id': 'sr:competitor:237652', 'name': 'Holloway, Max', 'abbreviation': 'HOL', 'qualifier': 'home', 'gender': 'male'}, {'id': 'sr:competitor:261799', 'name': 'Poirier, Dustin', 'abbreviation': 'POI', 'qualifier': 'away', 'gender': 'male'}], 'venue': {'id': 'sr:venue:6916', 'name': 'State Farm Arena', 'capacity': 18118, 'city_name': 'Atlanta', 'country_name': 'USA', 'map_coordinates': '33.757162,-84.396352', 'country_code': 'USA', 'timezone': 'America/New_York', 'state': 'GA'}}, 'sport_event_status': {'status': 'closed', 'match_status': 'ended', 'winner_id': 'sr:competitor:261799', 'final_round': 5, 'final_round_length': '5:00', 'method': 'decision_unanimous', 'winner': 'away_team', 'scheduled_length': 5, 'weight_class': 'lightweight(146-155)', 'title_fight': True, 'main_event': False}, 'statistics': {'totals': {'competitors': [{'id': 'sr:competitor:237652', 'name': 'Holloway, Max', 'abbreviation': 'HOL', 'qualifier': 'home', 'statistics': {'control': '0:00', 'knockdowns': 0, 'significant_strike_percentage': 40.58, 'significant_strikes': 181, 'significant_strikes_attempted': 446, 'submission_attempts': 1, 'takedown_percentage': 0, 'takedowns': 0, 'takedowns_attempted': 0, 'total_strike_percentage': 43.97, 'total_strikes': 208, 'total_strikes_attempted': 473}}, {'id': 'sr:competitor:261799', 'name': 'Poirier, Dustin', 'abbreviation': 'POI', 'qualifier': 'away', 'statistics': {'control': '0:00', 'knockdowns': 0, 'significant_strike_percentage': 46.72, 'significant_strikes': 178, 'significant_strikes_attempted': 381, 'submission_attempts': 0, 'takedown_percentage': 12.5, 'takedowns': 1, 'takedowns_attempted': 8, 'total_strike_percentage': 47, 'total_strikes': 180, 'total_strikes_attempted': 383}}]}, 'periods': [{'number': 1, 'competitors': [{'id': 'sr:competitor:237652', 'name': 'Holloway, Max', 'abbreviation': 'HOL', 'qualifier': 'home', 'statistics': {'control': '0:00', 'knockdowns': 0, 'significant_strike_percentage': 0, 'significant_strikes': 30, 'significant_strikes_attempted': 0, 'submission_attempts': 0, 'takedown_percentage': 0, 'takedowns': 0, 'takedowns_attempted': 0, 'total_strike_percentage': 0, 'total_strikes': 30, 'total_strikes_attempted': 0}}, {'id': 'sr:competitor:261799', 'name': 'Poirier, Dustin', 'abbreviation': 'POI', 'qualifier': 'away', 'statistics': {'control': '0:00', 'knockdowns': 0, 'significant_strike_percentage': 0, 'significant_strikes': 54, 'significant_strikes_attempted': 0, 'submission_attempts': 0, 'takedown_percentage': 0, 'takedowns': 0, 'takedowns_attempted': 0, 'total_strike_percentage': 0, 'total_strikes': 54, 'total_strikes_attempted': 0}}]}, {'number': 2, 'competitors': [{'id': 'sr:competitor:237652', 'name': 'Holloway, Max', 'abbreviation': 'HOL', 'qualifier': 'home', 'statistics': {'control': '0:00', 'knockdowns': 0, 'significant_strike_percentage': 0, 'significant_strikes': 32, 'significant_strikes_attempted': 0, 'submission_attempts': 0, 'takedown_percentage': 0, 'takedowns': 0, 'takedowns_attempted': 0, 'total_strike_percentage': 0, 'total_strikes': 32}}, {'id': 'sr:competitor:261799', 'name': 'Poirier, Dustin', 'abbreviation': 'POI', 'qualifier': 'away', 'statistics': {'control': '0:00', 'knockdowns': 0, 'significant_strike_percentage': 0, 'significant_strikes': 31, 'significant_strikes_attempted': 0, 'submission_attempts': 0, 'takedown_percentage': 0, 'takedowns': 0, 'takedowns_attempted': 0, 'total_strike_percentage': 0, 'total_strikes': 31}}]}, {'number': 3, 'competitors': [{'id': 'sr:competitor:237652', 'name': 'Holloway, Max', 'abbreviation': 'HOL', 'qualifier': 'home', 'statistics': {'control': '0:00', 'knockdowns': 0, 'significant_strike_percentage': 0, 'significant_strikes': 53, 'significant_strikes_attempted': 0, 'submission_attempts': 0, 'takedown_percentage': 0, 'takedowns': 0, 'takedowns_attempted': 0, 'total_strike_percentage': 0, 'total_strikes': 61, 'total_strikes_attempted': 0}}, {'id': 'sr:competitor:261799', 'name': 'Poirier, Dustin', 'abbreviation': 'POI', 'qualifier': 'away', 'statistics': {'control': '0:00', 'knockdowns': 0, 'significant_strike_percentage': 0, 'significant_strikes': 33, 'significant_strikes_attempted': 0, 'submission_attempts': 0, 'takedown_percentage': 0, 'takedowns': 0, 'takedowns_attempted': 0, 'total_strike_percentage': 0, 'total_strikes': 33, 'total_strikes_attempted': 0}}]}, {'number': 4, 'competitors': [{'id': 'sr:competitor:237652', 'name': 'Holloway, Max', 'abbreviation': 'HOL', 'qualifier': 'home', 'statistics': {'control': '0:00', 'knockdowns': 1, 'significant_strike_percentage': 0, 'significant_strikes': 42, 'significant_strikes_attempted': 0, 'submission_attempts': 1, 'takedown_percentage': 0, 'takedowns': 0, 'takedowns_attempted': 0, 'total_strike_percentage': 0, 'total_strikes': 55, 'total_strikes_attempted': 0}}, {'id': 'sr:competitor:261799', 'name': 'Poirier, Dustin', 'abbreviation': 'POI', 'qualifier': 'away', 'statistics': {'control': '0:00', 'knockdowns': 0, 'significant_strike_percentage': 0, 'significant_strikes': 34, 'significant_strikes_attempted': 0, 'submission_attempts': 0, 'takedown_percentage': 0, 'takedowns': 1, 'takedowns_attempted': 0, 'total_strike_percentage': 0, 'total_strikes': 36, 'total_strikes_attempted': 0}}]}, {'number': 5, 'competitors': [{'id': 'sr:competitor:237652', 'name': 'Holloway, Max', 'abbreviation': 'HOL', 'qualifier': 'home', 'statistics': {'control': '0:00', 'knockdowns': 0, 'significant_strike_percentage': 0, 'significant_strikes': 24, 'significant_strikes_attempted': 0, 'submission_attempts': 0, 'takedown_percentage': 0, 'takedowns': 0, 'takedowns_attempted': 0, 'total_strike_percentage': 0, 'total_strikes': 30, 'total_strikes_attempted': 0}}, {'id': 'sr:competitor:261799', 'name': 'Poirier, Dustin', 'abbreviation': 'POI', 'qualifier': 'away', 'statistics': {'control': '0:00', 'knockdowns': 0, 'significant_strike_percentage': 0, 'significant_strikes': 26, 'significant_strikes_attempted': 0, 'submission_attempts': 0, 'takedown_percentage': 0, 'takedowns': 0, 'takedowns_attempted': 0, 'total_strike_percentage': 0, 'total_strikes': 26, 'total_strikes_attempted': 0}}]}]}}, {'sport_event': {'id': 'sr:sport_event:15966404', 'start_time': '2018-12-09T04:30:00+00:00', 'start_time_confirmed': True, 'sport_event_context': {'sport': {'id': 'sr:sport:117', 'name': 'MMA'}, 'category': {'id': 'sr:category:1089', 'name': 'UFC'}, 'competition': {'id': 'sr:competition:25801', 'name': 'UFC 231 - Toronto', 'parent_id': 'sr:competition:25325'}, 'season': {'id': 'sr:season:55915', 'name': 'UFC 231 - Toronto 2018', 'start_date': '2018-12-08', 'end_date': '2018-12-10', 'year': '2018', 'competition_id': 'sr:competition:25801'}}, 'coverage': {'type': 'sport_event', 'sport_event_properties': {'live': True}}, 'competitors': [{'id': 'sr:competitor:237652', 'name': 'Holloway, Max', 'abbreviation': 'HOL', 'qualifier': 'home', 'gender': 'male'}, {'id': 'sr:competitor:237692', 'name': 'Ortega, Brian', 'abbreviation': 'ORT', 'qualifier': 'away', 'gender': 'male'}], 'venue': {'id': 'sr:venue:6030', 'name': 'Scotiabank Arena', 'capacity': 19800, 'city_name': 'Toronto', 'country_name': 'Canada', 'map_coordinates': '43.643333,-79.379167', 'country_code': 'CAN', 'timezone': 'Canada/Eastern'}}, 'sport_event_status': {'status': 'closed', 'match_status': 'ended', 'winner_id': 'sr:competitor:237652', 'final_round': 4, 'final_round_length': '5:00', 'method': 'tko_doctors_stoppage', 'winner': 'home_team', 'scheduled_length': 5, 'weight_class': 'featherweight(136-145)', 'title_fight': False, 'main_event': False}}]}
